,title,link
0,CobBO: Coordinate Backoff Bayesian Optimization with Two-Stage Kernels,https://openreview.net/forum?id=GrB-y0SNkQ
1,Fitting large mixture models using stochastic component selection,https://openreview.net/forum?id=ZS394D3djsg
2,Differential Privacy of Dirichlet Posterior Sampling,https://openreview.net/forum?id=fgBxcKcz9ea
3,Watching Too Much Television is Good: Self-Supervised Audio-Visual Representation Learning from Movies and TV Shows,https://openreview.net/forum?id=8hGabvaV2GQ
4,Variational Causal Autoencoder for Interventional and Counterfactual Queries,https://openreview.net/forum?id=uk-3aIx54t
5,WeaveNet for Approximating Assignment Problems,https://openreview.net/forum?id=bDP7I2fYwLj
6,Similarity-aware Positive Instance Sampling for Graph Contrastive Pre-training,https://openreview.net/forum?id=MRYuRHsHzK4
7,Indicators of Attack Failure: Debugging and Improving Optimization of Adversarial Examples,https://openreview.net/forum?id=JdQ2-DTaGF
8,Efficient and Modular Implicit Differentiation,https://openreview.net/forum?id=D8-iwC9UN3
9,Optimal Client Sampling for Federated Learning,https://openreview.net/forum?id=l0BP1lHpPW
10,Proximal and Federated Random Reshuffling,https://openreview.net/forum?id=5la5tka8a4-
11,Impossibility results for fair representation,https://openreview.net/forum?id=qWtmNpgjD5K
12,Distributed Learning with Strategic Users: A Repeated Game Approach,https://openreview.net/forum?id=uIMwuJHfuLM
13,Derivatives and residual distribution of regularized M-estimators with application to adaptive tuning,https://openreview.net/forum?id=sVsqvF7ZfvI
14,ActCooLR – High-Level Learning Rate Schedules using Activation Pattern Temperature,https://openreview.net/forum?id=yqj6q_eNTJd
15,Diversity Policy Gradient for Sample Efficient Quality-Diversity Optimization,https://openreview.net/forum?id=5Dl1378QutR
16,Decentralized Multi-Armed Bandit Can Outperform Classic Upper Confidence Bound,https://openreview.net/forum?id=eOCqcf7BM2K
17,Meta Reinforcement Learning for Fast Adaptation of Hierarchical Policies,https://openreview.net/forum?id=iklDP-v1sgi
18,"Robustifying
ℓ
∞
Adversarial Training to the Union of Perturbation Models",https://openreview.net/forum?id=2-0wS9-cSL
19,Faster Perturbed Stochastic Gradient Methods for Finding Local Minima,https://openreview.net/forum?id=oRMRIR4qPC1
20,Revisiting Design Choices in Offline Model Based Reinforcement Learning,https://openreview.net/forum?id=UfX6vkvhtl
21,ChebLieNet: Invariant spectral graph NNs turned equivariant by Riemannian geometry on Lie groups,https://openreview.net/forum?id=WsfXFxqZXRO
22,Direct then Diffuse: Incremental Unsupervised Skill Discovery for State Covering and Goal Reaching,https://openreview.net/forum?id=m7QWxKp2Xqd
23,Fitting large mixture models using stochastic component selection,https://openreview.net/forum?id=ki4eJ1fSJNq
24,Linear-Time Gromov Wasserstein Distances using Low Rank Couplings and Costs,https://openreview.net/forum?id=rHCzkRd0UK
25,Data augmentation for efficient learning from parametric experts,https://openreview.net/forum?id=MdZPf3qCF7s
26,Differential Privacy of Dirichlet Posterior Sampling,https://openreview.net/forum?id=Pk972F7J8Um
27,A Cramér Distance perspective on Non-crossing Quantile Regression in Distributional Reinforcement Learning,https://openreview.net/forum?id=weBSeGTv0i
28,Trading Complexity for Sparsity in Random Forest Explanations,https://openreview.net/forum?id=WH0taVJii5_
29,Rethinking supervised learning: insights from biological learning and from calling it by its name,https://openreview.net/forum?id=FjnCWyzXu8m
30,Relational VAE: A Continuous Latent Variable Model for Graph Structured Data,https://openreview.net/forum?id=mrsx7ninrtU
31,What Breaks The Curse of Dimensionality in Deep Learning?,https://openreview.net/forum?id=KAV7BDCcN6
32,Mimicking Evolution with Reinforcement Learning,https://openreview.net/forum?id=3X8qZL4_WO
33,On the Explanatory Power of Decision Trees,https://openreview.net/forum?id=n-219jrTht
34,An Analysis of Abstracted Model-Based Reinforcement Learning,https://openreview.net/forum?id=fgrc9OTuB_g
35,Identifying and Estimating Causal Effects under Weak Overlap by Generative Prognostic Model,https://openreview.net/forum?id=Z3yd722b5X5
36,Metropolis-CVAE: Bootstrapping Labels for Bayesian Inference via Semi-Supervised Conditional Variational Autoencoders,https://openreview.net/forum?id=wTutcPE7zOC
37,Linear Contextual Bandits with Adversarial Corruptions,https://openreview.net/forum?id=Wz-t1oOTWa
38,Test-Time Adaptation to Distribution Shifts by Confidence Maximization and Input Transformation,https://openreview.net/forum?id=GOfGGASIUkg
39,LSB: Local Self-Balancing MCMC in Discrete Spaces,https://openreview.net/forum?id=WEKfdiZYZi-
40,SOSP: Efficiently Capturing Global Correlations by Second-Order Structured Pruning,https://openreview.net/forum?id=sUgpxb9QD
41,On the Generalization of Neural Networks Trained with SGD: Information-Theoretical Bounds and Implications,https://openreview.net/forum?id=4i23Bjlh4Y9
42,Versatile Learned Video Compression,https://openreview.net/forum?id=pLk9yRbRRtF
43,The Regularizing Effect of Different Output Layer Designs in Deep Neural Networks,https://openreview.net/forum?id=hQGRD1Zael7
44,CUD-NET: Color Universal Design Neural Filter for the Color Weakness,https://openreview.net/forum?id=3g5KdPD8LIL
45,Counterfactual Graph Learning for Link Prediction,https://openreview.net/forum?id=N2dEPuK0vom
46,Secure Quantized Training for Deep Learning,https://openreview.net/forum?id=NiM9Q7Z95z
47,The Values Encoded in Machine Learning Research,https://openreview.net/forum?id=oioB7Te7Bo
48,Emergent Properties of Foveated Perceptual Systems,https://openreview.net/forum?id=cdlzxKUBr-A
49,Auto-tuning Matrix Multiplication and Convolution for Deep Learning on CPUs,https://openreview.net/forum?id=PhtFY9plHk
50,Distributional Generalization: Characterizing Classifiers Beyond Test Error,https://openreview.net/forum?id=CoJibBRjPXQ
51,Stochastic Approximation of Gaussian Free Energy for Risk-Sensitive Reinforcement Learning,https://openreview.net/forum?id=QkVi6KogNbu
52,FERMI: Fair Empirical Risk Minimization via Exponential Rényi Mutual Information,https://openreview.net/forum?id=XxP75wV6JGH
53,Geometric Attention Networks for Small Point Clouds,https://openreview.net/forum?id=il3vPAc9fiH
54,Improved rates for prediction and identification for partially observed linear dynamical systems,https://openreview.net/forum?id=uJDmJp7kn2F
55,ToM2C: Target-oriented Multi-agent Communication and Cooperation with Theory of Mind,https://openreview.net/forum?id=M3tw78MH1Bk
56,Partial Identification of Counterfactual Distributions,https://openreview.net/forum?id=ZdJQ8KekIyd
57,Super-Acceleration with Cyclical Step-sizes,https://openreview.net/forum?id=AVx0r_GppCu
58,RotoGrad: Gradient Homogenization in Multi-Task Learning,https://openreview.net/forum?id=J_VRu0ZFVX-
59,Represent Your Own Policies: Reinforcement Learning with Policy-extended Value Function Approximator,https://openreview.net/forum?id=Dx3x05MlFwj
60,Learning to Safely Exploit a Non-Stationary Opponent,https://openreview.net/forum?id=zoQJBVrhnn3
61,"Contrastive Mixture of Posteriors for Counterfactual Inference, Data Integration and Fairness",https://openreview.net/forum?id=AjZCiKuWQ9n
62,One-to-many Approach for Improving Super-Resolution,https://openreview.net/forum?id=Kai3KkCOCp
63,When should agents explore?,https://openreview.net/forum?id=jlgCDIrAv0_
64,ML4C: Seeing Causality Through Latent Vicinity,https://openreview.net/forum?id=b36m4ZYG1gD
65,Persistent Homology Captures the Generalization of Neural Networks Without A Validation Set,https://openreview.net/forum?id=BM64dm9HvN
66,Characterizing and Measuring the Similarity of Neural Networks with Persistent Homology,https://openreview.net/forum?id=Y4RJQO2jivm
67,Decoupled Contrastive Learning,https://openreview.net/forum?id=JzdYX8uzT4W
68,Self-Supervised Adversarial Example Detection by Disentangled Representation,https://openreview.net/forum?id=CUeX_YeX9n_
69,Graph-Constrained Structure Search for Tensor Network Representation,https://openreview.net/forum?id=mAA1SfR_iun
70,Projection-free Graph-based Classifier Learning using Gershgorin Disc Perfect Alignment,https://openreview.net/forum?id=np96ge7gz0j
71,Finite-Time Error Bounds for Distributed Linear Stochastic Approximation,https://openreview.net/forum?id=tqo8sxHyD8
72,Learning to recover orientations from projections in single-particle cryo-EM,https://openreview.net/forum?id=gwPPcc_M0lv
73,"A Large Batch Optimizer Reality Check: Traditional, Generic Optimizers Suffice Across Batch Sizes",https://openreview.net/forum?id=Kloou2uk_Rz
74,Reinforcement learning for instance segmentation with high-level priors,https://openreview.net/forum?id=6EWOVxvJ5FI
75,EuclidNets: Combining hardware and architecture design for Efficient Inference and Training,https://openreview.net/forum?id=mW7M0QsDbcw
76,Normalization of Language Embeddings for Cross-Lingual Alignment,https://openreview.net/forum?id=8PPmLbV6WiQ
77,Robust uncertainty estimates with out-of-distribution pseudo-inputs training,https://openreview.net/forum?id=YJL3amnDf2w
78,Mean-Square Analysis with An Application to Optimal Dimension Dependence of Langevin Monte Carlo,https://openreview.net/forum?id=yehlf2AvSD_
79,ResMLP: Feedforward networks for image classification with data-efficient training,https://openreview.net/forum?id=K9uApq7iyyI
80,Fact-driven Logical Reasoning,https://openreview.net/forum?id=MBH29cOeohr
81,Differentiable Sparsification for Deep Neural Networks,https://openreview.net/forum?id=_x4A8IZ-rRv
82,Pairwise Adjusted Mutual Information,https://openreview.net/forum?id=5GihaaZKL4
83,Learning to Express in Knowledge-Grounded Conversation,https://openreview.net/forum?id=ogciCC6fmBl
84,Not All Attention Is All You Need,https://openreview.net/forum?id=rdT5GV-LnZU
85,Efficient SoftMax Approximation for Deep Neural Networks with Attention Mechanism,https://openreview.net/forum?id=TScOKQW67Mj
86,The Role of Adaptive Optimizers for Honest Private Hyperparameter Selection,https://openreview.net/forum?id=bMLeGGwptZk
87,Unsupervised Dynamic Routing Via Competition Over Network Loss,https://openreview.net/forum?id=MWpaHkrsbuo
88,Practical Bayesian Optimization of Objectives with Conditioning Variables,https://openreview.net/forum?id=T1STW1NYYKW
89,Group-Aware Threshold Adaptation for Fair Classification,https://openreview.net/forum?id=Pg13X3rETW
90,Fighting Gradients with Gradients: Dynamic Defenses against Adversarial Attacks,https://openreview.net/forum?id=x8gM-4nFq9b
91,Quantifying and Learning Linear Symmetry-Based Disentanglement,https://openreview.net/forum?id=WrotwUEJO59
92,WeaveNet for Approximating Assignment Problems,https://openreview.net/forum?id=2rAiDBJgR_
93,Automation for Interpretable Machine Learning Through a Comparison of Loss Functions to Regularisers,https://openreview.net/forum?id=blRJEZfyem
94,Is Heterophily A Real Nightmare For Graph Neural Networks Performing Node Classification?,https://openreview.net/forum?id=ZyugLlWzdO
95,Unit Ball Model for Embedding Hierarchical Structures in the Complex Hyperbolic Space,https://openreview.net/forum?id=I3HOxaZIJ0J
96,Neural Contextual Bandits with Deep Representation and Shallow Exploration,https://openreview.net/forum?id=jCxDyge46t2
97,Improving Entropic Out-of-Distribution Detection using Isometric Distances and the Minimum Distance Score,https://openreview.net/forum?id=f4jw35Vrk6d
98,Social Processes: Self-Supervised Forecasting of Nonverbal Cues in Social Conversations,https://openreview.net/forum?id=qcjOWDHAc4J
99,Deep Policy Dynamic Programming for Vehicle Routing Problems,https://openreview.net/forum?id=OAMrSPRRxJx
100,Practical Schemes for Finding Near-Stationary Points of Convex Finite-Sums,https://openreview.net/forum?id=kN4mGdGWc92
101,Packing: Towards 2x NLP BERT Acceleration,https://openreview.net/forum?id=3_MUAtqR0aA
102,Global Convergence of Multi-Agent Policy Gradient in Markov Potential Games,https://openreview.net/forum?id=n646avOVJ7q
103,Bayesian Network Structure Learning using Digital Annealer,https://openreview.net/forum?id=HXjt-kRBzvu
104,Cooperative Multi-Agent Reinforcement Learning with Sequential Credit Assignment,https://openreview.net/forum?id=IQgbmaoDDjd
105,$\texttt{DoStoVoQ}$: Doubly Stochastic Voronoi Vector Quantization SGD for Federated Learning,https://openreview.net/forum?id=URc7gYBcjVn
106,Learning Division with Neural Arithmetic Logic Modules,https://openreview.net/forum?id=3WbWmdTd8fN
107,Gradient Clipping Helps in Non-Smooth Stochastic Optimization with Heavy-Tailed Noise,https://openreview.net/forum?id=bFMWXJRn58
108,Hierarchical Prototype Network for Continual Graph Representation Learning,https://openreview.net/forum?id=kLwjnXCh2hm
109,Parameter-free Statistically Consistent Interpolation: Dimension-independent Convergence Rates for Hilbert kernel regression,https://openreview.net/forum?id=jtrQswOMLrd
110,Augmented Sliced Wasserstein Distances,https://openreview.net/forum?id=bm1_qlhRegf
111,baller2vec: A Multi-Entity Transformer For Multi-Agent Spatiotemporal Modeling,https://openreview.net/forum?id=OsBM0sWwn_-
112,baller2vec++: A Look-Ahead Multi-Entity Transformer For Modeling Coordinated Agents,https://openreview.net/forum?id=p2XgjS3Qp4X
113,How not to Lie with a Benchmark: Rearranging NLP Learderboards,https://openreview.net/forum?id=PPGfoNJnLKd
114,Sample Selection with Uncertainty of Losses for Learning with Noisy Labels,https://openreview.net/forum?id=zGsRcuoR5-0
115,Attention as Inference via Fenchel Duality,https://openreview.net/forum?id=4-gBZAkF9ze
116,VICReg: Variance-Invariance-Covariance Regularization for Self-Supervised Learning,https://openreview.net/forum?id=IXexLXymbZ9
117,On the Effects of Data Distortion on Model Analysis and Training,https://openreview.net/forum?id=UZgGf92u5N0
118,Optimal detection of the feature matching map in presence of noise and outliers,https://openreview.net/forum?id=jA5LmT2zLk
119,A Distance Correlation-based Kernel for Nonlinear Causal Clustering in Heterogeneous Populations,https://openreview.net/forum?id=Ad7Gv5NkBPz
120,Beyond Fine-Tuning: Transferring Behavior in Reinforcement Learning,https://openreview.net/forum?id=gG4j9PybfwI
121,Local $K$-means: An Efficient Optimization Algorithm And Its Generalization,https://openreview.net/forum?id=KG2RTUXXU7
122,Learning Local-Global Contextual Adaptation for Fully End-to-End Bottom-Up Human Pose Estimation,https://openreview.net/forum?id=vQTYEUtSUr
123,Principal Components Bias in Deep Neural Networks,https://openreview.net/forum?id=YNA3UEPCUp
124,EFloat: Entropy-coded Floating Point Format for Deep Learning,https://openreview.net/forum?id=cnrZIGwBqxv
